suite,benchmark,warmup_iterations,batch_size,times,allocs_min,allocs_avg,allocs_max,gc_min,gc_avg,gc_max,comp_min,comp_avg,comp_max
CompilationBenchmarksBig36Weekly,indigo,40,1,26454 26839 27040 26624 26847 27062 26019 26314 25826 26452,4342,4343,4343,0,0,0,1052,1237,1507
CompilationBenchmarksBigNightly,caskApp,130,1,607.6 690.9 609.4 632.2 600.1 600.7 598.7 599.4 599.2 600.4,164.3,164.3,164.3,0,0,0,17,153.6,298
CompilationBenchmarksBigNightly,dottyUtils,170,1,1146 1144 1144 1145 1143 1175 1148 1145 1143 1148,208,208,208,0,0,0,5,78.5,227
CompilationBenchmarksBigNightly,fansi,140,1,1272 1267 1270 1273 1271 1280 1281 1268 1270 1265,229.9,230,230.1,0,0,0,354,518.8,908
CompilationBenchmarksBigNightly,parallelCollections,100,1,4733 4741 4754 4673 4667 4659 4669 4661 4659 4664,685.4,685.4,685.4,0,0,0,29,98.3,303
CompilationBenchmarksBigNightly,re2s,60,1,1974 1959 1968 1983 2047 1966 2184 2006 1967 1940,334,334,334,0,0,0,34,172.4,437
CompilationBenchmarksBigNightly,scalaToday,130,1,3363 3342 3365 3360 3343 3251 3379 3367 3304 3244,588.2,588.3,588.6,0,0,0,27,200.4,416
CompilationBenchmarksBigNightly,scalaYaml,40,1,4480 4474 4557 4717 4773 4536 4610 4609 4450 4448,628.7,628.8,629.1,0,0,0,76,454.6,716
CompilationBenchmarksBigNightly,sourcecode,100,1,987.8 993.6 989.6 986.1 985 988 985.4 985.8 987.4 1007,207,207,207,0,0,0,15,108.7,495
CompilationBenchmarksBigNightly,tastyQuery,60,1,5125 5131 5068 5131 5071 5062 5063 5060 5062 5060,753.6,753.6,753.7,0,0,0,26,248.6,743
CompilationBenchmarksBigNightly,tictactoe,130,1,1282 1289 1281 1284 1281 1275 1275 1277 1275 1274,325.7,325.7,325.7,0,0,0,88,247.7,433
CompilationBenchmarksBigWeekly,areWeFastYet,150,1,1266 1267 1266 1266 1250 1250 1249 1250 1250 1250,443.9,444,444.1,0,0,0,10,99.6,217
CompilationBenchmarksBigWeekly,parserCombinators,100,1,1617 1616 1615 1616 1620 1620 1616 1629 1617 1628,290.4,290.4,290.4,0,0,0,20,201.1,556
CompilationBenchmarksBigWeekly,scalaz,25,1,29563 28644 28178 28412 29622 28827 28132 29105 29493 28797,4265,4265,4266,0,0,0,144,464.8,1228
CompilationBenchmarksSmallNightly,helloWorld,150,1,168.9 169.8 169.5 168.9 168.6 169.6 169.1 168.9 169.8 169.3,66.27,66.27,66.27,0,0,0,4,16.8,50
CompilationBenchmarksSmallNightly,implicitInductive,150,1,927.1 926.3 926.4 925.9 925.5 924.9 925.6 925.6 925 926.6,107.9,107.9,107.9,0,0,0,0,49.1,132
CompilationBenchmarksSmallNightly,matchTypeSort,150,1,629.6 630.7 729.1 642.3 648.9 630.6 632.3 629.9 628.5 628.5,145.9,145.9,145.9,0,0,0,15,57.4,132
CompilationBenchmarksSmallNightly,patmatexhaust,150,1,399.7 399.2 402.2 402.4 400.9 398 397.8 399.3 400.3 396.9,109.1,109.1,109.1,0,0,0,5,138.7,655
CompilationBenchmarksSmallWeekly,exhaustivityI,150,1,297.6 297.1 295.1 295.3 295 295.8 295.2 294.7 295.4 297.1,100.3,100.3,100.3,0,0,0,1,32.4,90
CompilationBenchmarksSmallWeekly,exhaustivityS,150,1,217.2 222.4 223.1 222.9 221.6 210.5 222.6 213.3 209.1 210.4,78.42,78.43,78.43,0,0,0,0,36.9,108
CompilationBenchmarksSmallWeekly,exhaustivityT,150,1,201.9 201.3 202.9 202.3 202.2 200.8 201.9 202.2 199.2 201.7,72.28,72.28,72.29,0,0,0,1,30.7,136
CompilationBenchmarksSmallWeekly,exhaustivityV,150,1,210.9 210.6 202.8 211.7 210.7 197.1 197.7 197.7 197.6 197.7,72.3,72.31,72.31,0,0,0,0,21.2,58
CompilationBenchmarksSmallWeekly,findRef,150,1,160.2 160.6 159.4 159.6 162.6 160.1 173.7 158.3 157.7 158.3,60.55,60.55,60.55,0,0,0,1,26.1,76
CompilationBenchmarksSmallWeekly,i1535,150,1,241 248.3 240.5 242 241.7 241.1 241.5 241 240 239.7,84.99,84.99,84.99,0,0,0,9,54,165
CompilationBenchmarksSmallWeekly,i1687,150,1,174.1 168.5 166.1 165.5 165.9 166.2 165.4 166.4 164.6 166.2,63.38,63.38,63.38,0,0,0,2,27.6,78
CompilationBenchmarksSmallWeekly,implicitCache,150,1,219.4 214.8 213.7 213.8 213.5 213.6 213.6 213.4 213 213.8,83.61,83.61,83.61,0,0,0,1,29.8,99
CompilationBenchmarksSmallWeekly,implicitNums,150,1,419.6 421.5 420.5 420.4 421.7 419.9 420.4 419.8 419.1 420.3,131.2,131.3,131.3,0,0,0,1,36.5,166
CompilationBenchmarksSmallWeekly,implicitScopeLoop,150,1,228.9 228.6 228.6 229.1 227.2 228.8 229 228.2 227.7 228.7,83.96,83.96,83.96,0,0,0,1,19.6,80
CompilationBenchmarksSmallWeekly,tuple,150,1,242.6 240.9 241 240.5 240.4 240.9 240.6 240.5 241.8 241,85.73,85.73,85.73,0,0,0,4,23.3,60
CompilationBenchmarksSmallWeekly,tuple22Apply,150,1,194 192.7 192.2 192 191.3 191.5 192.5 191.8 192.6 191.6,71.68,71.68,71.68,0,0,0,0,26.9,104
CompilationBenchmarksSmallWeekly,tuple22Cons,150,1,212 212.9 212.8 212.7 211.4 210.7 210.6 211.1 210.6 210.8,75.32,75.32,75.33,0,0,0,1,18.2,89
CompilationBenchmarksSmallWeekly,tuple22Creation,150,1,166.2 166.1 165.6 165.5 165.2 165.1 165 165.2 164.7 164.9,66.07,66.07,66.07,0,0,0,0,16.1,74
CompilationBenchmarksSmallWeekly,tuple22Size,150,1,188.9 189.3 189 188.7 187.9 188.1 188.1 188.1 187.8 188.1,69.47,69.47,69.48,0,0,0,7,43.9,90
CompilationBenchmarksSmallWeekly,tuple22Tails,150,1,225.2 226.8 223.8 225.4 224.5 224.9 224.2 225.1 224.1 224.6,82.6,82.6,82.6,0,0,0,0,30.3,101
CompilationBenchmarksXsbtiWeekly,xsbtiHelloWorld,130,1,169.4 169.8 169.3 169.8 168.9 169.4 169.6 168.8 168.6 169.6,66.65,66.66,66.66,0,0,0,0,16.2,44
CompilationBenchmarksXsbtiWeekly,xsbtiTastyQuery,60,1,5263 5198 5197 5150 5143 5138 5138 5138 5136 5137,751.3,751.3,751.3,0,0,0,29,209.9,691
